{"china": 1585.2381375633402, "iraq": 1749.385417422612, "finland": 1540.551611324119, "england": 2023.945393809279, "iran": 1882.3544913152293, "kuwait": 1494.5056903116074, "czechoslovakia": 1679.262202469281, "netherlands": 1948.1669223466267, "sweden": 1657.9340113587937, "norway": 1827.7147177518068, "yugoslavia": 1762.2163391410365, "germany": 1920.2085859547294, "denmark": 1827.018438154769, "guyana": 1534.0886925585091, "suriname": 1598.1563792275595, "costa rica": 1785.3101940801703, "panama": 1878.3727494293278, "curacao": 1642.6709857581482, "haiti": 1729.8459110333304, "malaysia": 1461.474400408824, "south korea": 1899.395351766072, "myanmar": 1218.326320575551, "indonesia": 1499.1066034401567, "india": 1322.1682553686903, "japan": 1943.3409490308438, "thailand": 1576.231440532479, "el salvador": 1543.1695982576496, "barbados": 1218.2117044660627, "trinidad and tobago": 1581.4479235635836, "jamaica": 1692.123567533159, "cuba": 1473.1241871042303, "burkina faso": 1636.4114910927717, "ivory coast": 1738.710681055521, "iceland": 1504.8554994229662, "belgium": 1846.2741031040075, "switzerland": 1834.6840213949229, "new zealand": 1823.7815162657425, "singapore": 1356.4779092533895, "guatemala": 1694.414338005045, "luxembourg": 1343.2369362729441, "canada": 1846.1073045751148, "united states": 1846.4548479425148, "mexico": 1973.297234707155, "chile": 1680.709664208496, "uruguay": 1906.510517815031, "bulgaria": 1462.172477112945, "france": 2058.5539426565947, "greece": 1719.0150831510766, "hungary": 1695.0392216135065, "spain": 2126.0296146814967, "ghana": 1620.2718377130002, "guinea": 1576.7236227504293, "argentina": 2085.05964125212, "scotland": 1760.906121621849, "northern ireland": 1522.9439925802274, "italy": 1844.7717740602607, "portugal": 1959.6265681911802, "poland": 1689.8333895381363, "sierra leone": 1487.9871581334844, "nigeria": 1845.4387451791936, "congo": 1375.975720598094, "cameroon": 1709.9065024143888, "togo": 1448.4972061605993, "senegal": 1870.8679709965782, "malawi": 1441.172162585133, "mauritius": 1222.6006046132998, "cyprus": 1278.4806078815911, "peru": 1711.3369168765878, "egypt": 1764.584460755776, "ethiopia": 1395.066303967155, "turkey": 1831.7304984024486, "malta": 1184.6333647233228, "zanzibar": 1507.3172645800655, "zambia": 1555.0437955966738, "somalia": 1094.1697511561736, "uganda": 1540.4848460000192, "tanzania": 1438.926102493233, "kenya": 1470.623248087319, "saudi arabia": 1721.7866218363079, "syria": 1659.0268648360413, "republic of ireland": 1642.5823240117356, "german dr": 1557.8089524673492, "wales": 1700.7476557266891, "romania": 1634.3424142227157, "austria": 1747.1582537173747, "morocco": 1925.0077374581115, "tunisia": 1720.9202251716863, "bangladesh": 1187.936361584913, "paraguay": 1803.1096713893553, "bolivia": 1657.6756570564887, "algeria": 1796.110864970179, "venezuela": 1735.6287796464408, "colombia": 1939.5002155975546, "brazil": 1959.493367601076, "ecuador": 1906.3035625033026, "israel": 1580.3403373649192, "hong kong": 1393.635035854038, "bahrain": 1600.6243863066363, "libya": 1484.830266104609, "qatar": 1647.3519637532243, "australia": 1904.624675243328, "taiwan": 1090.6588495106205, "alderney": 1163.2997802373393, "jersey": 1797.8207222547212, "russia": 1734.7427655945226, "guernsey": 1744.99957882338, "gabon": 1529.3586107638428, "dr congo": 1726.0494763435106, "philippines": 1394.4832561028568, "brunei": 1001.5084759200971, "guadeloupe": 1562.8130520080379, "mali": 1688.6809992282865, "puerto rico": 1422.4151625595787, "french guiana": 1489.254399781081, "lebanon": 1488.0812712030365, "martinique": 1533.1881714433857, "antigua and barbuda": 1210.2951025563468, "madagascar": 1462.2830722541098, "lesotho": 1410.0337809399673, "north korea": 1529.390180645587, "macau": 976.3243741849337, "guinea-bissau": 1400.1959923357458, "cape verde": 1617.697422487935, "gambia": 1511.0913214618677, "mauritania": 1410.215091065897, "afghanistan": 1288.8343037612376, "united arab emirates": 1674.6533412028339, "oman": 1621.8088190821256, "benin": 1550.1003734168755, "saint vincent and the grenadines": 1371.7564358841516, "saint kitts and nevis": 1345.1004653185355, "sudan": 1467.7561123847465, "grenada": 1350.5193822758854, "reunion": 1616.5903507093951, "seychelles": 1058.0331353680656, "comoros": 1439.519758467799, "maldives": 1107.5053009782218, "guam": 1071.4398451095267, "vanuatu": 1505.189783396459, "solomon islands": 1462.12451258863, "wallis islands and futuna": 1366.5204194526225, "tahiti": 1575.4113412249085, "tonga": 1166.889446595396, "fiji": 1532.9579244032739, "papua new guinea": 1527.9778875762202, "kiribati": 1316.6811377081322, "new caledonia": 1652.832153013928, "tuvalu": 1287.1001005308192, "samoa": 1292.6359330750954, "sri lanka": 1089.7626852518567, "mozambique": 1507.854659888984, "niger": 1480.6673159388408, "honduras": 1733.2843808255257, "albania": 1590.0281628189643, "zimbabwe": 1468.487213886189, "liberia": 1441.7085319165947, "western australia": 1509.5068163741269, "angola": 1555.9120370356752, "rwanda": 1431.8185465310848, "liechtenstein": 949.7349183514795, "dominica": 1243.28951025191, "pakistan": 1182.6893120541465, "nepal": 1151.7659534798995, "south yemen": 1472.715552283127, "american samoa": 1055.300454873651, "niue": 1448.829204931352, "jordan": 1810.4128670595278, "bhutan": 971.432670539888, "yemen": 1361.284060028856, "eswatini": 1310.730070023472, "saint lucia": 1301.5912179019363, "equatorial guinea": 1479.379904106109, "chad": 1269.9427765833057, "central african republic": 1368.0680589384453, "cayman islands": 1149.1444781783518, "yemen dpr": 1443.075429981322, "aruba": 1267.1303296480594, "sint maarten": 1366.8048384311426, "british virgin islands": 1082.0562390485527, "faroe islands": 1304.9828409750464, "ynys mon": 1612.436977066848, "greenland": 1498.0997163015188, "shetland": 1500.3451752259323, "aland islands": 1494.812429151854, "saint martin": 1367.097596238552, "bermuda": 1373.920155054695, "san marino": 859.7743954823279, "nicaragua": 1541.2530957356773, "montserrat": 1293.9706064211027, "dominican republic": 1521.7751903103158, "anguilla": 991.8807084502957, "isle of wight": 1634.3977940136713, "lithuania": 1227.8916871794922, "estonia": 1310.9737307822613, "latvia": 1251.6729299667318, "vietnam": 1496.4092282052272, "botswana": 1385.384109867237, "burundi": 1384.7157615778174, "south africa": 1649.338569294984, "moldova": 1238.06510108838, "palestine": 1616.1537546301445, "namibia": 1443.2371021112258, "mongolia": 1102.0026038492183, "laos": 1052.6277710274633, "gibraltar": 1069.1036124560321, "isle of man": 1681.565605050291, "slovakia": 1624.9266762101095, "georgia": 1597.2728333835948, "slovenia": 1625.398388267776, "croatia": 1903.5724306328625, "czech republic": 1671.6673343946388, "armenia": 1376.9287685626136, "belarus": 1419.176501565167, "azerbaijan": 1318.055870904581, "north macedonia": 1573.4440590653003, "ukraine": 1740.8895132690627, "turkmenistan": 1437.9403070996939, "uzbekistan": 1834.7400726613978, "djibouti": 1105.3584225263946, "eritrea": 1254.4290737587244, "serbia": 1724.9548507649072, "cook islands": 1231.5658710768914, "belize": 1342.8379453527216, "cambodia": 1137.2394694260965, "kyrgyzstan": 1489.905034219627, "tajikistan": 1505.2021079737951, "kazakhstan": 1408.369106320517, "bosnia and herzegovina": 1560.043229607441, "fr\u00f8ya": 1272.7058554826444, "hitra": 1381.6998890642062, "sao tome and principe": 1214.3443696406669, "andorra": 1048.6418938591257, "bahamas": 1080.2345040253836, "turks and caicos islands": 1091.1432143039679, "united states virgin islands": 1055.3557887797688, "gotland": 1470.7368802037927, "saare county": 1363.5432387347246, "rhodes": 1569.6804857818247, "orkney": 1418.000754658927, "falkland islands": 1282.7930368313143, "timor-leste": 1004.641275574765, "sark": 1376.8517567713843, "micronesia": 1397.6113685288067, "western isles": 1457.0366472673136, "northern cyprus": 1663.6534861481127,